1,2024-07-23,https://i.postimg.cc/TwqBz6g8/woman.jpg,Female,David Graham,"91177 Jonathan Lake Apt. 558, New Hector, SC 63620",jill47@yahoo.com,001-289-885-9284x057,38900.87,Night,true,,
2,2021-04-21,https://i.postimg.cc/90LKfYLJ/woman1.jpg,Female,Courtney Bryant,"9689 Tyler Motorway Apt. 678, Orozcostad, ID 02055",juan53@yahoo.com,654-198-7870,60181.24,Night,true,,
3,2020-08-27,https://i.postimg.cc/VkxT56FQ/woman2.jpg,Female,Amber Conway,"9399 Parker Plaza Apt. 437, New Rebecca, UT 20105",jonathan63@tran.com,0941698338,65382.69,Evening,true,,
4,2020-12-29,https://i.postimg.cc/cJfz3SDK/woman3.jpg,Female,Phyllis Hanson,"71682 Richard Land Suite 738, South Jamesville, ID 84275",gabriel00@gmail.com,010-907-1629,42843.1,Night,true,,
5,2021-04-18,https://i.postimg.cc/x8fBY43X/man.jpg,Male,Kristin Robinson,"087 Smith Stravenue Apt. 566, Lisaview, MO 70168",wagnerheather@orr.net,7199804893,61210.46,Night,true,,
6,2021-02-05,https://i.postimg.cc/qBw9Qppy/man1.jpg,Male,Kim Jackson,"Unit 6463 Box 0541, DPO AE 62441",jamierichards@yahoo.com,001-718-487-8116x57609,68678.62,Night,true,,
7,2024-07-19,https://i.postimg.cc/D0wpRb7s/woman4.jpg,Female,Terri Ruiz,"88926 Williams Islands Suite 113, Erikaberg, AL 94994",thomasmoore@yahoo.com,685-663-9391,60452.09,Morning,true,,
8,2023-02-14,https://i.postimg.cc/vBQ066gj/man10.jpg,Male,Jose Simmons,"728 Reyes Burg, Seanfurt, NM 07839",brownjennifer@gould.com,816.576.7954x6398,61832.5,Night,true,,
9,2023-06-11,https://i.postimg.cc/pXd363d7/man2.jpg,Male,Mr. Gary Wiggins,"941 John Route Apt. 150, Elliottton, HI 11394",josemurphy@gilbert.net,001-844-251-0415x05447,46406.51,Night,true,,
10,2024-05-20,https://i.postimg.cc/1X77S5zd/woman5.jpg,Female,Lori Tucker,"1336 Dylan Springs Suite 746, West Stephenville, AR 39474",lisa01@yahoo.com,(215)520-0474x714,59097.67,Night,true,,
11,2023-11-30,https://i.postimg.cc/tRBMWDzz/woman6.jpg,Female,Crystal Schmidt,"78112 Mcfarland Motorway Suite 972, New Pamela, KY 19877",brent45@gmail.com,001-338-922-2824x004,68560.93,Night,true,,
12,2021-02-17,https://i.postimg.cc/7YQj8XGL/man3.jpg,Male,George Butler,"272 Bell Grove Apt. 258, Ramirezville, AK 36534",watkinsdaniel@zimmerman.com,782-180-1022x20157,65945.07,Night,true,,
13,2019-12-29,https://i.postimg.cc/cLg2sYwB/man4.jpg,Male,Miguel Brown,"446 Angela Alley Apt. 853, Dawsonton, TN 42257",stephanielyons@hotmail.com,001-887-894-5458,44581.39,Night,true,,
14,2023-05-29,https://i.postimg.cc/x1zprQVs/man5.jpg,Male,Karen Thornton,"76266 Gonzalez Crescent, Matthewville, VT 22919",brandon44@mcdowell-palmer.com,+1-540-943-2448x63437,30978.55,Morning,true,,
15,2020-01-01,https://i.postimg.cc/9fH8CkWc/man6.jpg,Male,Julie Wright,"85582 Roberts Village Suite 116, Deanchester, TN 68710",escobaramanda@gmail.com,001-069-665-4832x64253,68290.29,Morning,true,,
16,2021-12-30,https://i.postimg.cc/bv06JRJk/man7.jpg,Male,Michael Pennington,"7973 Lisa Route, New Suzanne, TN 73152",carolinehamilton@gmail.com,+1-729-597-1608x2514,37769.2,Morning,true,,
17,2023-11-04,https://i.postimg.cc/pTx6Y67s/man8.jpg,Male,Laura Anderson,"97644 Elizabeth Way, Port Jesse, IL 50581",earl53@parker.com,574-767-9843,35271.1,Evening,true,,
18,2024-03-20,https://i.postimg.cc/Kv4sNLqh/woman7.jpg,Female,Mark Figueroa,"39841 Madison Pass Apt. 308, North Robert, MT 12422",qmooney@hotmail.com,383.491.2335x466,38587.69,Morning,true,,
19,2020-02-11,https://i.postimg.cc/SsrtZGbk/man9.jpg,Male,Joshua Duncan,"7542 Kendra Place, Janetborough, DE 12074",kelly74@pham.com,529.482.7753x742,66769.57,Morning,true,,
20,2022-12-02,https://i.postimg.cc/SN51ts32/woman8.jpg,Female,Andrew Mccann,"672 Williams Shore, Lake Charles, NH 55701",alicia83@torres-bright.com,+1-819-605-7263,61940.5,Evening,true,,
